{
   "dashboards": [{
      "autoswitchEnabled": false,
      "columnCount": 1,
      "columnProportion": "1-1",
      "creationTime": 1623067780563,
      "dashboardNavigations": {},
      "description": "",
      "disabled": false,
      "gridsterMaxColumns": 12,
      "hidden": false,
      "homeTab": false,
      "id": "9d769d17-1590-4ae5-919d-3585a34ba169",
      "importAttempts": 0,
      "importComplete": true,
      "lastUpdateTime": 1623068558650,
      "lastUpdateUserId": "e2c32cb9-aad1-4e9c-9071-1c25032331c4",
      "locked": false,
      "name": "PowerBlock - Performance - Right Sizing",
      "rank": 0,
      "shared": false,
      "states": [{
         "key": "permDashboardTime_dashboard_9d769d17-1590-4ae5-919d-3585a34ba169",
         "value": "o%3AdateRange%3Ds%253Alast7Days%5EdateRangeText%3Ds%253A7D"
      }],
      "temporary": false,
      "userId": "e2c32cb9-aad1-4e9c-9071-1c25032331c4",
      "widgetInteractions": [
         {
            "type": "resourceId",
            "widgetIdProvider": "4a4b139b-dff7-4437-9f4e-e4a66e4404a8",
            "widgetIdReceiver": "d76fee11-19e8-4643-b14b-a463946445dd"
         },
         {
            "type": "resourceId",
            "widgetIdProvider": "4a4b139b-dff7-4437-9f4e-e4a66e4404a8",
            "widgetIdReceiver": "ba693e1f-9cc2-425d-a16c-ef29ff2e5bb3"
         },
         {
            "type": "resourceId",
            "widgetIdProvider": "4a4b139b-dff7-4437-9f4e-e4a66e4404a8",
            "widgetIdReceiver": "e3f0a325-d80f-4bdb-b7fc-b6e94f6d610f"
         },
         {
            "type": "resourceId",
            "widgetIdProvider": "4a4b139b-dff7-4437-9f4e-e4a66e4404a8",
            "widgetIdReceiver": "30cecbf6-60c1-4d2e-a6c5-67db0b8cba6b"
         },
         {
            "type": "resourceId",
            "widgetIdProvider": "4a4b139b-dff7-4437-9f4e-e4a66e4404a8",
            "widgetIdReceiver": "7d11bb0e-9400-40f4-8938-1ce1b2e8be16"
         },
         {
            "type": "resourceId",
            "widgetIdProvider": "4a4b139b-dff7-4437-9f4e-e4a66e4404a8",
            "widgetIdReceiver": "06e837f4-5ce1-4366-8445-849562782f5c"
         },
         {
            "type": "resourceId",
            "widgetIdProvider": "d76fee11-19e8-4643-b14b-a463946445dd",
            "widgetIdReceiver": "995b21e4-443d-430c-a2d1-58e0b9ebf1a4"
         },
         {
            "type": "resourceId",
            "widgetIdProvider": "d76fee11-19e8-4643-b14b-a463946445dd",
            "widgetIdReceiver": "152bd418-d3ad-4135-9db5-fa0602c9dd4f"
         },
         {
            "type": "resourceId",
            "widgetIdProvider": "d76fee11-19e8-4643-b14b-a463946445dd",
            "widgetIdReceiver": "7f0b98ce-0d9b-485a-af56-58b0c686e54e"
         },
         {
            "type": "resourceId",
            "widgetIdProvider": "4a4b139b-dff7-4437-9f4e-e4a66e4404a8",
            "widgetIdReceiver": "abdbf6d0-43ed-4c3a-9e27-e74a69f0519d"
         }
      ],
      "widgets": [
         {
            "collapsed": false,
            "config": {
               "additionalColumns": [],
               "customFilter": {
                  "excludedResources": null,
                  "filter": [],
                  "includedResources": null
               },
               "depth": 2,
               "filterMode": "tagPicker",
               "mode": "all",
               "refreshContent": {"refreshContent": false},
               "refreshInterval": 300,
               "relationshipMode": {"relationshipMode": 0},
               "resource": [],
               "selectFirstRow": {"selectFirstRow": true},
               "selfProvider": {"selfProvider": true},
               "tagFilter": {
                  "path": ["/source/kind/kind:resourceKind:id:0_::_"],
                  "value": {
                     "adapterInstance": [],
                     "adapterKind": [],
                     "bus": [],
                     "collector": [],
                     "day": [],
                     "exclaim": false,
                     "healthRange": [],
                     "kind": ["resourceKind:id:0_::_"],
                     "maintenanceSchedule": [],
                     "state": [],
                     "status": [],
                     "tag": [],
                     "tier": []
                  }
               },
               "title": "All Clusters - (Select Cluster to Show Data)"
            },
            "gridsterCoords": {
               "h": 5,
               "w": 2,
               "x": 1,
               "y": 1
            },
            "height": 267,
            "id": "4a4b139b-dff7-4437-9f4e-e4a66e4404a8",
            "states": [{
               "key": "permResGrid_widget_9d769d17-1590-4ae5-919d-3585a34ba169_4a4b139b-dff7-4437-9f4e-e4a66e4404a8",
               "value": "o%3Acolumns%3Da%253Ao%25253Aid%25253Ds%2525253Ah1%25255Ehidden%25253Db%2525253A1%25255Ewidth%25253Dn%2525253A100%255Eo%25253Aid%25253Ds%2525253Ah2%25255Ewidth%25253Dn%2525253A178%255Eo%25253Aid%25253Ds%2525253Ah3%25255Ehidden%25253Db%2525253A1%25255Ewidth%25253Dn%2525253A100%255Eo%25253Aid%25253Ds%2525253Ah4%25255Ehidden%25253Db%2525253A1%255Eo%25253Aid%25253Ds%2525253Ah5%25255Ehidden%25253Db%2525253A1%25255Ewidth%25253Dn%2525253A180%255Eo%25253Aid%25253Ds%2525253Ah6%25255Ehidden%25253Db%2525253A1%255Eo%25253Aid%25253Ds%2525253Ah7%25255Ehidden%25253Db%2525253A1%25255Ewidth%25253Dn%2525253A100%255Eo%25253Aid%25253Ds%2525253Ah8%25255Ehidden%25253Db%2525253A1%25255Ewidth%25253Dn%2525253A100%255Eo%25253Aid%25253Ds%2525253Ah9%25255Ehidden%25253Db%2525253A1%25255Ewidth%25253Dn%2525253A100%255Eo%25253Aid%25253Ds%2525253Ah10%25255Ehidden%25253Db%2525253A1%25255Ewidth%25253Dn%2525253A100%255Eo%25253Aid%25253Ds%2525253Ah11%25255Ehidden%25253Db%2525253A1%25255Ewidth%25253Dn%2525253A100%255Eo%25253Aid%25253Ds%2525253Ah12%25255Ehidden%25253Db%2525253A1%25255Ewidth%25253Dn%2525253A100%255Eo%25253Aid%25253Ds%2525253Ah13%25255Ehidden%25253Db%2525253A1%25255Ewidth%25253Dn%2525253A100%255Eo%25253Aid%25253Ds%2525253Ah14%25255Ehidden%25253Db%2525253A1%255Eo%25253Aid%25253Ds%2525253Ah15%25255Ehidden%25253Db%2525253A1%255Eo%25253Aid%25253Ds%2525253Ah16%25255Ehidden%25253Db%2525253A1%25255Ewidth%25253Dn%2525253A100%255Eo%25253Aid%25253Ds%2525253AresourceRating%25255Ehidden%25253Db%2525253A1%255Eo%25253Aid%25253Ds%2525253Ah18%25255Ehidden%25253Db%2525253A1%25255Ewidth%25253Dn%2525253A100%255Eo%25253Aid%25253Ds%2525253Ah19%25255Ehidden%25253Db%2525253A1%25255Ewidth%25253Dn%2525253A100%255Eo%25253Aid%25253Ds%2525253Ah20%25255Ehidden%25253Db%2525253A1%25255Ewidth%25253Dn%2525253A100%255Eo%25253Aid%25253Ds%2525253Ah21%25255Ehidden%25253Db%2525253A1%25255Ewidth%25253Dn%2525253A100%255Eo%25253Aid%25253Ds%2525253Ah22%25255Ehidden%25253Db%2525253A1%25255Ewidth%25253Dn%2525253A100%255Eo%25253Aid%25253Ds%2525253Ah23%25255Ehidden%25253Db%2525253A1%25255Ewidth%25253Dn%2525253A100%255Eo%25253Aid%25253Ds%2525253Ah24%25255Ehidden%25253Db%2525253A1%25255Ewidth%25253Dn%2525253A100%255Eo%25253Aid%25253Ds%2525253Ah25%25255Ehidden%25253Db%2525253A1%25255Ewidth%25253Dn%2525253A100%255Eo%25253Aid%25253Ds%2525253Ah26%25255Ehidden%25253Db%2525253A1%25255Ewidth%25253Dn%2525253A100%255Eo%25253Aid%25253Ds%2525253Ah27%25255Ehidden%25253Db%2525253A1%25255Ewidth%25253Dn%2525253A100%255Eo%25253Aid%25253Ds%2525253Ah28%25255Ehidden%25253Db%2525253A1%25255Ewidth%25253Dn%2525253A100%255Eo%25253Aid%25253Ds%2525253Ah29%25255Ehidden%25253Db%2525253A1%25255Ewidth%25253Dn%2525253A100%255Eo%25253Aid%25253Ds%2525253Ah30%25255Ehidden%25253Db%2525253A1%25255Ewidth%25253Dn%2525253A100%255Eo%25253Aid%25253Ds%2525253Ah31%25255Ehidden%25253Db%2525253A1%25255Ewidth%25253Dn%2525253A100%255Eo%25253Aid%25253Ds%2525253Ah32%25255Ehidden%25253Db%2525253A1%25255Ewidth%25253Dn%2525253A100%255Eo%25253Aid%25253Ds%2525253Ah33%25255Ehidden%25253Db%2525253A1%25255Ewidth%25253Dn%2525253A100%255Eo%25253Aid%25253Ds%2525253Ah34%25255Ehidden%25253Db%2525253A1%25255Ewidth%25253Dn%2525253A100%255Eo%25253Aid%25253Ds%2525253Ah35%25255Ehidden%25253Db%2525253A1%25255Ewidth%25253Dn%2525253A100%255Eo%25253Aid%25253Ds%2525253Ah36%25255Ehidden%25253Db%2525253A1%25255Ewidth%25253Dn%2525253A100%255Eo%25253Aid%25253Ds%2525253Ah37%25255Ehidden%25253Db%2525253A1%25255Ewidth%25253Dn%2525253A100%255Eo%25253Aid%25253Ds%2525253Ah38%25255Ehidden%25253Db%2525253A1%25255Ewidth%25253Dn%2525253A100%255Eo%25253Aid%25253Ds%2525253Ah39%25255Ehidden%25253Db%2525253A1%25255Ewidth%25253Dn%2525253A100%255Eo%25253Aid%25253Ds%2525253Ah40%25255Ehidden%25253Db%2525253A1%25255Ewidth%25253Dn%2525253A100%255Eo%25253Aid%25253Ds%2525253Ah41%25255Ehidden%25253Db%2525253A1%25255Ewidth%25253Dn%2525253A100%255Eo%25253Aid%25253Ds%2525253Ah42%25255Ehidden%25253Db%2525253A1%25255Ewidth%25253Dn%2525253A100%255Eo%25253Aid%25253Ds%2525253Ah43%25255Ehidden%25253Db%2525253A1%25255Ewidth%25253Dn%2525253A100%255Eo%25253Aid%25253Ds%2525253Ah44%25255Ehidden%25253Db%2525253A1%25255Ewidth%25253Dn%2525253A100%255Eo%25253Aid%25253Ds%2525253Ah45%25255Ehidden%25253Db%2525253A1%25255Ewidth%25253Dn%2525253A100%255Eo%25253Aid%25253Ds%2525253Ah46%25255Ehidden%25253Db%2525253A1%25255Ewidth%25253Dn%2525253A100%255Eo%25253Aid%25253Ds%2525253Ah47%25255Ehidden%25253Db%2525253A1%25255Ewidth%25253Dn%2525253A100%5EstoreState%3Do%253Asorters%253Da%25253Ao%2525253Aroot%2525253Ds%252525253Adata%2525255Eproperty%2525253Ds%252525253Aname%2525255Edirection%2525253Ds%252525253AASC%2525255Eid%2525253Ds%252525253Aname"
            }],
            "title": "All Clusters - (Select Cluster to Show Data)",
            "type": "ResourceList"
         },
         {
            "collapsed": false,
            "config": {
               "chartViewItems": [],
               "isUpdatedView": true,
               "refreshContent": {"refreshContent": false},
               "refreshInterval": 300,
               "resource": null,
               "selectFirstRow": {"selectFirstRow": true},
               "selfProvider": {"selfProvider": false},
               "title": "VM - Performance - Right Size (Select VM to Show Data in Performance Charts)",
               "traversalSpecId": "",
               "viewDefinitionId": "31d3004a-309e-444f-a180-b976f3f21f2c"
            },
            "gridsterCoords": {
               "h": 16,
               "w": 12,
               "x": 1,
               "y": 10
            },
            "height": 894,
            "id": "d76fee11-19e8-4643-b14b-a463946445dd",
            "states": [
               {
                  "key": "perm_toolbarVisible_widget_9d769d17-1590-4ae5-919d-3585a34ba169_d76fee11-19e8-4643-b14b-a463946445dd",
                  "value": "b%3A1"
               },
               {
                  "key": "permSelectedDate_widget_9d769d17-1590-4ae5-919d-3585a34ba169_d76fee11-19e8-4643-b14b-a463946445dd",
                  "value": "s%3A%7B%22minType%22%3A%22.TimeIntervalControl%22%2C%22advancedTimeMode%22%3Afalse%2C%22fromTime%22%3Anull%2C%22unit%22%3A%22DAYS%22%2C%22count%22%3A7%2C%22priorUnit%22%3Anull%2C%22priorCount%22%3Anull%2C%22startSubUnit%22%3Anull%2C%22startPeriod%22%3Anull%2C%22toTime%22%3Anull%2C%22endUnit%22%3Anull%2C%22endCount%22%3Anull%2C%22endSubUnit%22%3Anull%2C%22endPeriod%22%3Anull%2C%22isRealTimeData%22%3Anull%2C%22mondayHours%22%3Anull%2C%22tuesdayHours%22%3Anull%2C%22wednesdayHours%22%3Anull%2C%22thursdayHours%22%3Anull%2C%22fridayHours%22%3Anull%2C%22saturdayHours%22%3Anull%2C%22sundayHours%22%3Anull%7D"
               },
               {
                  "key": "permPageSize_widget_9d769d17-1590-4ae5-919d-3585a34ba169_d76fee11-19e8-4643-b14b-a463946445dd",
                  "value": "n%3A1000"
               }
            ],
            "title": "VM - Performance - Right Size (Select VM to Show Data in Performance Charts)",
            "type": "View"
         },
         {
            "collapsed": false,
            "config": {
               "chartViewItems": ["legend"],
               "isUpdatedView": true,
               "refreshContent": {"refreshContent": false},
               "refreshInterval": 300,
               "resource": null,
               "selectFirstRow": {"selectFirstRow": false},
               "selfProvider": {"selfProvider": false},
               "title": "CPU | Ready (ms)",
               "traversalSpecId": "",
               "viewDefinitionId": "01f6782e-9400-43cc-8897-a34cefa3abfd"
            },
            "gridsterCoords": {
               "h": 5,
               "w": 2,
               "x": 3,
               "y": 1
            },
            "height": 267,
            "id": "ba693e1f-9cc2-425d-a16c-ef29ff2e5bb3",
            "title": "CPU | Ready (ms)",
            "type": "View"
         },
         {
            "collapsed": false,
            "config": {
               "chartViewItems": ["legend"],
               "isUpdatedView": true,
               "refreshContent": {"refreshContent": false},
               "refreshInterval": 300,
               "resource": null,
               "selectFirstRow": {"selectFirstRow": false},
               "selfProvider": {"selfProvider": false},
               "title": "Storage | Write | Latenacy",
               "traversalSpecId": "",
               "viewDefinitionId": "1d4569bb-6026-48f5-87a9-3ed8d4183e52"
            },
            "gridsterCoords": {
               "h": 5,
               "w": 2,
               "x": 5,
               "y": 1
            },
            "height": 267,
            "id": "e3f0a325-d80f-4bdb-b7fc-b6e94f6d610f",
            "title": "Storage | Write | Latenacy",
            "type": "View"
         },
         {
            "collapsed": false,
            "config": {
               "chartViewItems": ["legend"],
               "isUpdatedView": true,
               "refreshContent": {"refreshContent": false},
               "refreshInterval": 300,
               "resource": null,
               "selectFirstRow": {"selectFirstRow": false},
               "selfProvider": {"selfProvider": false},
               "title": "Storage | Read | Latenacy",
               "traversalSpecId": "",
               "viewDefinitionId": "8be42fd8-6480-4200-a147-14a0e27d1ed4"
            },
            "gridsterCoords": {
               "h": 5,
               "w": 2,
               "x": 9,
               "y": 1
            },
            "height": 267,
            "id": "30cecbf6-60c1-4d2e-a6c5-67db0b8cba6b",
            "title": "Storage | Read | Latenacy",
            "type": "View"
         },
         {
            "collapsed": false,
            "config": {
               "chartViewItems": ["legend"],
               "isUpdatedView": true,
               "refreshContent": {"refreshContent": false},
               "refreshInterval": 300,
               "resource": null,
               "selectFirstRow": {"selectFirstRow": false},
               "selfProvider": {"selfProvider": false},
               "title": "Storage | Write | IOPs",
               "traversalSpecId": "",
               "viewDefinitionId": "f5402e8c-c0bb-48b2-a78d-406518ba6704"
            },
            "gridsterCoords": {
               "h": 5,
               "w": 2,
               "x": 7,
               "y": 1
            },
            "height": 267,
            "id": "7d11bb0e-9400-40f4-8938-1ce1b2e8be16",
            "title": "Storage | Write | IOPs",
            "type": "View"
         },
         {
            "collapsed": false,
            "config": {
               "chartViewItems": [],
               "isUpdatedView": true,
               "refreshContent": {"refreshContent": false},
               "refreshInterval": 300,
               "resource": null,
               "selectFirstRow": {"selectFirstRow": true},
               "selfProvider": {"selfProvider": false},
               "title": "ESXi Host Performance",
               "traversalSpecId": "",
               "viewDefinitionId": "e093b523-f3e1-4a91-8db1-22505d03b5dc"
            },
            "gridsterCoords": {
               "h": 7,
               "w": 12,
               "x": 1,
               "y": 26
            },
            "height": 381,
            "id": "06e837f4-5ce1-4366-8445-849562782f5c",
            "states": [{
               "key": "permSelectedDate_widget_9d769d17-1590-4ae5-919d-3585a34ba169_06e837f4-5ce1-4366-8445-849562782f5c",
               "value": "s%3A%7B%22minType%22%3A%22.TimeIntervalControl%22%2C%22advancedTimeMode%22%3Afalse%2C%22fromTime%22%3Anull%2C%22unit%22%3A%22DAYS%22%2C%22count%22%3A7%2C%22priorUnit%22%3Anull%2C%22priorCount%22%3Anull%2C%22startSubUnit%22%3Anull%2C%22startPeriod%22%3Anull%2C%22toTime%22%3Anull%2C%22endUnit%22%3Anull%2C%22endCount%22%3Anull%2C%22endSubUnit%22%3Anull%2C%22endPeriod%22%3Anull%2C%22isRealTimeData%22%3Anull%7D"
            }],
            "title": "ESXi Host Performance",
            "type": "View"
         },
         {
            "collapsed": false,
            "config": {
               "editorData": "<font size=\"2\" face=\"arial\" color=\"339966\"><font face=\"tahoma\">Select Cluster to filter Data in Views.<\/font><\/font><br><font size=\"2\" face=\"arial\" color=\"339966\"><font face=\"tahoma\">Select VM to show Performance Data<br><\/font><\/font><div><font size=\"2\" face=\"arial\" color=\"339966\"><font face=\"tahoma\"><br><\/font><\/font><\/div><div><font size=\"2\" face=\"arial\" color=\"339966\"><font face=\"tahoma\">CPU Ready|State (ms): \u201cTime that the virtual machine was ready, but could not get scheduled to run on the physical CPU during last measurement interval\u201d\u200b<\/font><\/font><\/div>",
               "locationFile": "",
               "locationUrl": "",
               "refreshContent": {"refreshContent": false},
               "refreshInterval": 300,
               "title": "Help",
               "viewModeHTML": true
            },
            "gridsterCoords": {
               "h": 5,
               "w": 2,
               "x": 1,
               "y": 33
            },
            "height": 267,
            "id": "e4eb9ae2-a5d3-482e-b3a8-6255e22dc8bc",
            "title": "Help",
            "type": "TextDisplay"
         },
         {
            "collapsed": false,
            "config": {
               "chartHeight": 135,
               "customFilter": {
                  "excludedResources": null,
                  "filter": [],
                  "includedResources": null
               },
               "depth": 1,
               "filterMode": "tagPicker",
               "metricFullName": "CPU|Ready (ms)",
               "metricKey": "cpu|ready_summation",
               "metricLabel": "",
               "metricName": "CPU|Ready (ms)",
               "metricType": {"metricType": "custom"},
               "metricUnit": {
                  "metricUnitId": "msec",
                  "metricUnitName": "ms"
               },
               "mode": "all",
               "orangeBound": 750,
               "paginationNumber": 15,
               "redBound": 1000,
               "refreshContent": {"refreshContent": true},
               "refreshInterval": 300,
               "relationshipMode": {"relationshipMode": 0},
               "resource": [],
               "resourceKindId": "resourceKind:id:1_::_",
               "selectFirstRow": {"selectFirstRow": false},
               "selfProvider": {"selfProvider": false},
               "showMetricLabel": {"showMetricLabel": false},
               "showResourceName": {"showResourceName": false},
               "sortBy": "metricValue",
               "sortByDir": {"orderByDir": "asc"},
               "tagFilter": null,
               "title": "CPU | Ready (ms)",
               "yellowBound": 500
            },
            "gridsterCoords": {
               "h": 4,
               "w": 4,
               "x": 1,
               "y": 6
            },
            "height": 210,
            "id": "995b21e4-443d-430c-a2d1-58e0b9ebf1a4",
            "states": [{
               "key": "permDateRange_HealthChart_widget_9d769d17-1590-4ae5-919d-3585a34ba169_995b21e4-443d-430c-a2d1-58e0b9ebf1a4",
               "value": "s%3A%7B%22dateRange%22%3A%22dashboardTime%22%2C%22dateFrom%22%3Anull%2C%22dateTo%22%3Anull%2C%22timeFrom%22%3Anull%2C%22timeTo%22%3Anull%7D"
            }],
            "title": "CPU | Ready (ms)",
            "type": "HealthChart"
         },
         {
            "collapsed": false,
            "config": {
               "chartHeight": 135,
               "customFilter": {
                  "excludedResources": null,
                  "filter": [],
                  "includedResources": null
               },
               "depth": 1,
               "filterMode": "tagPicker",
               "metricFullName": "CPU|Usage (%)",
               "metricKey": "cpu|usage_average",
               "metricLabel": "",
               "metricName": "CPU|Usage (%)",
               "metricType": {"metricType": "custom"},
               "metricUnit": {
                  "metricUnitId": -1,
                  "metricUnitName": "Default Unit"
               },
               "mode": "all",
               "orangeBound": 95,
               "paginationNumber": 15,
               "redBound": 100,
               "refreshContent": {"refreshContent": true},
               "refreshInterval": 300,
               "relationshipMode": {"relationshipMode": 0},
               "resource": [],
               "resourceKindId": "resourceKind:id:1_::_",
               "selectFirstRow": {"selectFirstRow": false},
               "selfProvider": {"selfProvider": false},
               "showMetricLabel": {"showMetricLabel": false},
               "showResourceName": {"showResourceName": false},
               "sortBy": "metricValue",
               "sortByDir": {"orderByDir": "asc"},
               "tagFilter": null,
               "title": "CPU | Usage (%)",
               "yellowBound": 90
            },
            "gridsterCoords": {
               "h": 4,
               "w": 4,
               "x": 5,
               "y": 6
            },
            "height": 210,
            "id": "152bd418-d3ad-4135-9db5-fa0602c9dd4f",
            "states": [{
               "key": "permDateRange_HealthChart_widget_9d769d17-1590-4ae5-919d-3585a34ba169_152bd418-d3ad-4135-9db5-fa0602c9dd4f",
               "value": "s%3A%7B%22dateRange%22%3A%22dashboardTime%22%2C%22dateFrom%22%3Anull%2C%22dateTo%22%3Anull%2C%22timeFrom%22%3Anull%2C%22timeTo%22%3Anull%7D"
            }],
            "title": "CPU | Usage (%)",
            "type": "HealthChart"
         },
         {
            "collapsed": false,
            "config": {
               "chartHeight": 135,
               "customFilter": {
                  "excludedResources": null,
                  "filter": [],
                  "includedResources": null
               },
               "depth": 1,
               "filterMode": "tagPicker",
               "metricFullName": "Memory|Workload (%)",
               "metricKey": "mem|workload",
               "metricLabel": "",
               "metricName": "Memory|Workload (%)",
               "metricType": {"metricType": "custom"},
               "metricUnit": {
                  "metricUnitId": -1,
                  "metricUnitName": ""
               },
               "mode": "all",
               "orangeBound": 95,
               "paginationNumber": 15,
               "redBound": 100,
               "refreshContent": {"refreshContent": true},
               "refreshInterval": 300,
               "relationshipMode": {"relationshipMode": 0},
               "resource": [],
               "resourceKindId": "resourceKind:id:1_::_",
               "selectFirstRow": {"selectFirstRow": false},
               "selfProvider": {"selfProvider": false},
               "showMetricLabel": {"showMetricLabel": false},
               "showResourceName": {"showResourceName": false},
               "sortBy": "metricValue",
               "sortByDir": {"orderByDir": "asc"},
               "tagFilter": null,
               "title": "Memory | Workload (%)",
               "yellowBound": 90
            },
            "gridsterCoords": {
               "h": 4,
               "w": 4,
               "x": 9,
               "y": 6
            },
            "height": 210,
            "id": "7f0b98ce-0d9b-485a-af56-58b0c686e54e",
            "states": [
               {
                  "key": "perm_toolbarVisible_widget_9d769d17-1590-4ae5-919d-3585a34ba169_7f0b98ce-0d9b-485a-af56-58b0c686e54e",
                  "value": "b%3A0"
               },
               {
                  "key": "permDateRange_HealthChart_widget_9d769d17-1590-4ae5-919d-3585a34ba169_7f0b98ce-0d9b-485a-af56-58b0c686e54e",
                  "value": "s%3A%7B%22dateRange%22%3A%22dashboardTime%22%2C%22dateFrom%22%3Anull%2C%22dateTo%22%3Anull%2C%22timeFrom%22%3Anull%2C%22timeTo%22%3Anull%7D"
               }
            ],
            "title": "Memory | Workload (%)",
            "type": "HealthChart"
         },
         {
            "collapsed": false,
            "config": {
               "chartViewItems": ["legend"],
               "isUpdatedView": true,
               "refreshContent": {"refreshContent": false},
               "refreshInterval": 300,
               "resource": null,
               "selectFirstRow": {"selectFirstRow": false},
               "selfProvider": {"selfProvider": false},
               "title": "Storage | Read | IOPs",
               "traversalSpecId": "",
               "viewDefinitionId": "abe47a5e-de48-4155-bac4-225e267e9a3e"
            },
            "gridsterCoords": {
               "h": 5,
               "w": 2,
               "x": 11,
               "y": 1
            },
            "height": 267,
            "id": "abdbf6d0-43ed-4c3a-9e27-e74a69f0519d",
            "title": "Storage | Read | IOPs",
            "type": "View"
         }
      ]
   }],
   "entries": {"resourceKind": [
      {
         "adapterKindKey": "VMWARE",
         "internalId": "resourceKind:id:1_::_",
         "resourceKindKey": "VirtualMachine"
      },
      {
         "adapterKindKey": "VMWARE",
         "internalId": "resourceKind:id:0_::_",
         "resourceKindKey": "ClusterComputeResource"
      }
   ]},
   "uuid": "3733c5b5-328d-44ef-bf37-8ebe30809506"
}